Meeting_Titles,records,percent_of_total
77TH SCIENTIFIC MEETING OF THE AMERICAN HEART ASSOCIATION,5,0.017
24TH ANNUAL NATIONAL SYMPOSIUM ON FAMILY ISSUES 24 25 OCT 2016 UNIVERSITY PARK PA,4,0.013
2ND WORLD SYMPOSIUM OF DAIRY PRODUCTS IN HUMAN HEALTH AND NUTRITION,4,0.013
BOGALUSA HEART STUDY 20TH ANNIVERSARY SYMPOSIUM,4,0.013
3RD SYMPOSIUM ON FROM PHENOTYPE TO GENE IN COMMON DISORDERS,3,0.01
46TH ANNUAL CONFERENCE ON CARDIOVASCULAR DISEASE EPIDEMIOLOGY AND PREVENTION,3,0.01
4TH FRANCO AUSTRALIAN MEETING ON HYPERTENSION,3,0.01
7TH INTERNATIONAL VAHOUNY FIBRE SYMPOSIUM,3,0.01
90TH MEETING ON SOCIAL NEUROSCIENCE GENE ENVIRONMENT BRAIN BODY,3,0.01
9TH ANNUAL MEETING OF THE SOCIETY FOR RESEARCH ON NICOTINE AND TOBACCO,3,0.01
ANNUAL MEETING OF THE NORTH AMERICAN ASSOCIATION FOR THE STUDY OF OBESITY,3,0.01
CONFERENCE ON GOOD FAT BAD FAT AT MEETING OF THE ASSOCIATION FOR THE STUDY OF OBESITY,3,0.01
CONFERENCE ON PHYSICAL ACTIVITY IN THE PREVENTION AND TREATMENT OF OBESITY AND ITS COMORBIDITIES,3,0.01
CONFERENCE ON SOCIOECONOMIC STATUS AND HEALTH IN INDUSTRIAL NATIONS SOCIAL PSYCHOLOGICAL AND BIOLOGICAL PATHWAYS,3,0.01
SUMMER MEETING OF THE NUTRITION SOCIETY,3,0.01
SUMMER MEETING OF THE NUTRITION SOCIETY ASSOCIATION FOR THE STUDY OF OBESITY,3,0.01
SYMPOSIUM ON THE SCIENTIFIC EVIDENCE FOR THE ROLE OF DAIRY FOODS IN NUTRIENT ADEQUACY AND CHRONIC DISEASE,3,0.01
156TH ANNUAL MEETING OF THE AMERICAN PSYCHIATRIC ASSOCIATION,2,0.007
15TH GUMS AND STABILISERS FOR THE FOOD INDUSTRY CONFERENCE,2,0.007
19TH INTERNATIONAL INTERDISCIPLINARY CONFERENCE ON HYPERTENSION IN BLACKS AND RELATED RISK FACTORS,2,0.007
1ST CONFERENCE ON MENTHOL CIGARETTES,2,0.007
22ND ANNUAL MEETING OF THE SOCIETY FOR MATERNAL FETAL MEDICINE,2,0.007
23RD INTERNATIONAL SYMPOSIUM ON SHIFTWORK AND WORKING TIME TOWARDS A GLOBAL CONSENSUS,2,0.007
26TH ANNUAL MEETING OF THE SOCIETY OF GENERAL INTERNAL MEDICINE,2,0.007
2ND WORLD CONGRESS ON CONTROVERSIES TO CONSENSUS IN DIABETES OBESITY AND HYPERTENSION,2,0.007
32ND ANNUAL MEETING OF THE AMERICAN SOCIETY OF NEPHROLOGY,2,0.007
33RD SYMPOSIUM ON REGULATORY MECHANISMS OF STRIATED MUSCLE CONTRACTION,2,0.007
41ST COMPUTING IN CARDIOLOGY CONFERENCE CINC,2,0.007
4TH ANNUAL WEIGHT AND STIGMA CONFERENCE,2,0.007
5TH INTERNATIONAL WORKSHOP CONFERENCE ON GESTATIONAL DIABETES,2,0.007
64TH ANNUAL MEETING OF THE AMERICAN PSYCHOSOMATIC SOCIETY,2,0.007
67TH ANNUAL MEETING OF THE AMERICAN DIABETES ASSOCIATION,2,0.007
8TH INTERNATIONAL CONGRESS ON OBESITY,2,0.007
ACTIVE LIVING RESEARCH ALR CONFERENCE ON ACTIVE LIVING ACROSS THE LIFE SPAN,2,0.007
ANNUAL MEETING OF THE PEDIATRIC ACADEMIC SOCIETIES,2,0.007
ANNUAL MEETING OF THE PEDIATRIC ACADEMIC SOCIETY SOCIETY FOR PEDIATRIC RESEARCH,2,0.007
ANNUAL WINTER ROUNDTABLE ON CROSS CULTURAL COUNSELING AND PSYCHOTHERAPY,2,0.007
ASEAN CONFERENCE ON ENVIRONMENT BEHAVIOUR STUDIES ACE BS ON WAY OF LIFE SOCIO ECONOMIC AND CULTURAL CONTEXT,2,0.007
COLLOQUIUM ON LIPOPROTEIN A THE REALLY BAD CHOLESTEROL,2,0.007
CONFERENCE ON DIETARY MANAGEMENT OF DISEASE,2,0.007
CONFERENCE ON FOODS FOR HEALTH IN THE 21ST CENTURY A ROAD MAP FOR THE FUTURE,2,0.007
CONFERENCE ON LONGEVITY REGENERATION AND OPTIMAL HEALTH,2,0.007
CONFERENCE ON MEDICAL IMAGING IMAGE PROCESSING,2,0.007
CONFERENCE ON MOOD DISORDERS AND MEDICAL ILLNESS,2,0.007
CONSENSUS MEETING ON THE ROLE OF URIC ACID UA IN CARDIOVASCULAR RISK,2,0.007
EXPERIMENTAL BIOLOGY 2002 ANNUAL MEETING,2,0.007
EXPERIMENTAL BIOLOGY 2003 ANNUAL MEETING,2,0.007
EXPERIMENTAL BIOLOGY 2004 ANNUAL MEETING,2,0.007
INTERNATIONAL CONFERENCE ON ADVANCES IN CARDIOVASCULAR RESEARCH,2,0.007
JOINT FAO WHO EXPERT CONSULTATION ON FATS AND FATTY ACIDS IN HUMAN NUTRITION,2,0.007
LEDUCQ SYMPOSIUM ON CRITICAL ISSUES IN CARDIOVASCULAR RESEARCH,2,0.007
NATO ADVANCED RESEARCH WORKSHOP ON INCREASE IN CORONARY HEART DISEASE IN CENTRAL AND EASTERN EUROPE,2,0.007
SCIENTIFIC SESSIONS AND MEETING OF THE AMERICAN HEART ASSOCIATION AHA,2,0.007
SCIENTIFIC SESSIONS OF THE AMERICAN HEART ASSOCIATION,2,0.007
SYMPOSIUM ON DIETARY INFLUENCES ON OBESITY ENVIRONMENT BEHAVIOR AND BIOLOGY,2,0.007
SYMPOSIUM ON INFLUENCES ON EATING AND BODY WEIGHT OVER THE LIFESPAN CHILDHOOD AND ADOLESCENCE,2,0.007
WORKSHOP ON INDIVIDUAL FATTY ACIDS AND CARDIOVASCULAR DISEASE,2,0.007
104TH INTERNATIONAL CONFERENCE OF THE AMERICAN THORACIC SOCIETY,1,0.003
108TH ANNUAL CONVENTION OF THE AMERICAN PSYCHOLOGICAL ASSOCIATION,1,0.003
10TH ANNUAL MEETING OF THE CRITICAL AND FEMINIST PERSPECTIVES IN NURSING,1,0.003
10TH ANNUAL MEETING OF THE EUROPEAN ASSOCIATION FOR CARDIO THORACIC SURGERY,1,0.003
10TH ASIAN CONGRESS OF NUTRITION,1,0.003
10TH BERGMEYER CONFERENCE,1,0.003
10TH BIENNIAL MEETING OF THE EUROPEAN ASSOCIATION FOR RESEARCH ON ADOLESCENCE,1,0.003
10TH EUROPEAN HEALTH PSYCHOLOGY SOCIETY CONFERENCE ON MAKING A DIFFERENCE HEALTH PSYCHOLOGY AND CHRONIC DISEASE,1,0.003
10TH GARGELLEN CONFERENCE ON FROM MOLECULE TO MEN MOLECULAR BASIS OF CONGENITAL CARDIOVASCULAR DISORDERS,1,0.003
10TH INTERNATIONAL CONFERENCE ON METHODS AND APPLICATIONS OF RADIOANALYTICAL CHEMISTRY MARC,1,0.003
10TH INTERNATIONAL CONGRESS ON CORONARY ARTERY DISEASE ICCAD,1,0.003
113TH ANNUAL CONVENTION OF THE AMERICAN PSYCHOLOGICAL ASSOCIATION,1,0.003
11TH ANNUAL AMERICAN ACADEMIC SURGICAL CONGRESS ASC OF THE SOCIETY OF UNIVERSITY SURGEONS ASSOCIATION FOR ACADEMIC SURGERY,1,0.003
11TH ANNUAL CONGRESS OF THE EUROPEAN RESPIRATORY SOCIETY,1,0.003
11TH ANNUAL RESEARCH CONFERENCE ON DIET NUTRITION AND CANCER,1,0.003
11TH BIENNIAL MEETING OF THE SOCIETY FOR RESEARCH ON ADOLESCENCE,1,0.003
11TH EUROPEAN SYMPOSIUM ON CLINICAL HEMORHEOLOGY,1,0.003
11TH ICOH JOINT CONFERENCE ON OCCUPATIONAL HEALTH FOR HEALTH WORKERS OHHW,1,0.003
11TH INTERNATIONAL CONGRESS OF THE IMMUNOLOGY OF DIABETES SOCIETY IDS,1,0.003
11TH INTERNATIONAL MEDITERRANEAN DIET CONFERENCE ON MEDITERRANEAN DIET AS A LIFESTYLE AND DYNAMIC FOOD PATTERN,1,0.003
11TH INTERNATIONAL SYMPOSIUM ON TRACE ELEMENTS IN MAN AND ANIMALS TEMA 11,1,0.003
11TH NATIONAL MEETING OF THE SOCIETA ITALIANA DI MEDICINA DI LABORATORIO,1,0.003
11TH NESTLE NUTRITION WORKSHOP,1,0.003
128TH ANNUAL MEETING OF THE AMERICAN PUBLIC HEALTH ASSOCIATION,1,0.003
12TH ANNUAL INTERNATIONAL CONFERENCE OF EDUCATION RESEARCH AND INNOVATION ICERI,1,0.003
12TH BIENNIAL MEETING OF THE SOCIETY FOR RESEARCH IN ADOLESCENCE,1,0.003
12TH INTERNATIONAL CAROTENOID SYMPOSIUM,1,0.003
12TH INTERNATIONAL CONFERENCE ON CARCINOGENESIS AND RISK ASSESSMENT,1,0.003
12TH INTERNATIONAL CONGRESS ON HORMONAL STEROIDS AND HORMONES AND CANCER,1,0.003
12TH INTERNATIONAL MEETING ON CHOLINESTERASES 6TH INTERNATIONAL CONFERENCE ON PARAOXONASE,1,0.003
12TH INTERNATIONAL SYMPOSIUM ON PURINE AND PYRIMIDINE METABOLISM,1,0.003
12TH SCIENTIFIC MEETING OF THE AMERICAN SOCIETY OF HYPERTENSION,1,0.003
132ND ANNUAL MEETING OF THE AMERICAN PUBLIC HEALTH ASSOCIATION,1,0.003
13TH ANNUAL CONFERENCE OF THE SOCIETY FOR INDUSTRIAL AND ORGANIZATIONAL PSYCHOLOGY,1,0.003
13TH ANNUAL MEETING OF THE SOCIETY FOR RESEARCH IN NICOTINE AND TOBACCO,1,0.003
13TH ANNUAL SCIENTIFIC SESSION OF THE SOCIETY OF BEHAVIORAL MEDICINE,1,0.003
13TH BIENNIAL CONGRESS OF THE SOCIETY OF NEUROSURGEONS OF SOUTH AFRICA,1,0.003
13TH GENETIC ANALYSIS WORKSHOP,1,0.003
13TH IBERIAN CONFERENCE ON INFORMATION SYSTEMS AND TECHNOLOGIES CISTI,1,0.003
13TH IMT GT INTERNATIONAL CONFERENCE ON MATHEMATICS STATISTICS AND THEIR APPLICATIONS ICMSA,1,0.003
13TH INTERNATIONAL CONFERENCE ON SMART HOMES AND HEALTH TELEMATICS ICOST,1,0.003
13TH INTERNATIONAL SYMPOSIUM ON MEDICAL GEOGRAPHY,1,0.003
13TH KEY SYMPOSIUM ON BIOELECTRONIC MEDICINE TECHNOLOGY TARGETING MOLECULAR MECHANISMS,1,0.003
144TH ANNUAL MEETING AND EXPOSITION OF THE AMERICAN PUBLIC HEALTH ASSOCIATION APHA AT MEDICAL CARE SECTION STUDENT AWARDS SESSION,1,0.003
14TH ANNUAL AMERICAN ACADEMIC SURGICAL CONGRESS ASC OF SOCIETY OF UNIVERSITY SURGEONS SUS ASSOCIATION FOR ACADEMIC SURGERY AAS,1,0.003
14TH ANNUAL MEETING OF THE AMERICAN SOCIETY OF HYPERTENSION,1,0.003
14TH ANNUAL MEETING OF THE SOCIETY FOR VASCULAR MEDICINE AND BIOLOGY,1,0.003
14TH CONFERENCE ON RETROVIRUSES AND OPPORTUNISTIC INFECTIONS,1,0.003
14TH INTERNATIONAL CONGRESS ON NUTRITION AND METABOLISM IN RENAL DISEASE,1,0.003
14TH MEDICAL CHEMICAL DEFENSE CONFERENCE,1,0.003
157TH ANNUAL MEETING OF THE AMERICAN PSYCHIATRIC ASSOCIATION,1,0.003
15TH ANNUAL EUROPEAN CONGRESS OF RHEUMATOLOGY EULAR,1,0.003
15TH CONGRESS OF THE EUROPEAN ACADEMY OF DERMATOLOGY AND VENEREOLOGY,1,0.003
15TH INTERNATIONAL CONGRESS ON RENAL NUTRITION AND METABOLISM ICRNM,1,0.003
15TH INTERNATIONAL SYMPOSIUM ON CAROTENOIDS,1,0.003
15TH INTERNATIONAL SYMPOSIUM ON CHROMAFFIN CELL BIOLOGY,1,0.003
15TH INTERNATIONAL TABLE TENNIS SPORTS SCIENCE CONGRESS,1,0.003
16TH INTERNATIONAL AIDS CONFERENCE,1,0.003
16TH JAPANESE ANNUAL CONFERENCE ON CHRONOCARDIOLOGY AND HYPERTENSION,1,0.003
16TH WORLD CONGRESS ON HEART DISEASE ANNUAL SCIENTIFIC SESSION ON INTERNATIONAL ACADEMY OF CARDIOLOGY,1,0.003
17TH ANNUAL MEETING OF THE HUMAN BIOLOGY COUNCIL ON ETHNICITY AND DISEASE,1,0.003
17TH ANNUAL MEETING OF THE NORTH AMERICAN MENOPAUSE SOCIETY,1,0.003
17TH INTERNATIONAL CONGRESS OF NUTRITION,1,0.003
17TH INTERNATIONAL ISFE SYMPOSIUM,1,0.003
17TH WORLD HEART CONGRESS,1,0.003
18TH ANNUAL MEETING OF THE SOCIETY FOR THE STUDY OF INGESTIVE BEHAVIOR,1,0.003
18TH ANNUAL MEETING OF THE SOCIETY OF PERINATAL OBSTETRICIANS,1,0.003
18TH ANNUAL SCIENTIFIC SESSION OF THE SOCIETY OF BEHAVIORAL MEDICINE,1,0.003
18TH INTERNATIONAL CONGRESS ON THROMBOSIS,1,0.003
18TH INTERNATIONAL ECONOMIC CONFERENCE ON CRISIS AFTER THE CRISIS INQUIRIES FROM A NATIONAL EUROPEAN AND GLOBAL PERSPECTIVE,1,0.003
18TH INTERNATIONAL SYMPOSIUM ON SHIFT WORK AND WORKING TIME,1,0.003
1993 ANNUAL MEETING OF THE SOCIETY OF GENERAL INTERNAL MEDICINE,1,0.003
1996 ANNUAL MEETING OF THE PEDIATRIC ACADEMIC SOCIETIES,1,0.003
1996 INTERNATIONAL PRE OLYMPIC SCIENTIFIC CONGRESS ON PHYSICAL ACTIVITY SPORT AND HEALTH,1,0.003
19TH ANNUAL MEETING OF THE AMERICAN SOCIETY FOR BONE AND MINERAL RESEARCH,1,0.003
19TH INTERNATIONAL AIDS CONFERENCE,1,0.003
19TH INTERNATIONAL MEETING OF THE LEKSELL GAMMA KNIFE SOCIETY LGKS ON NEXT GENERATION GAMMA KNIFE RESEARCH,1,0.003
1ST ASIA PACIFIC CONFERENCE ON HEALTH PROMOTION AND EDUCATION,1,0.003
1ST CONF OF THE INTERNATIONAL BEHAVIORAL NEUROSCIENCE SOC,1,0.003
1ST CONFERENCE ON MENTHOL CIGARETTES SETTING THE RESEARCH AGENDA,1,0.003
1ST CONGRESS OF THE WORLD ASSOCIATION OF SLEEP MEDICINE,1,0.003
1ST INDIGENOUS CARDIOVASCULAR HEALTH CONFERENCE OF THE CARDIAC SOCIETY OF AUSTRALIA AND NEW ZEALAND,1,0.003
1ST INTERNATIONAL BIO MINERALS SYMPOSIUM,1,0.003
1ST INTERNATIONAL CONFERENCE ON PEDIATRIC MECHANICAL CIRCULATORY SUPPORT SYSTEMS AND PEDIATRIC CARDIOPULMONARY PERFUSION,1,0.003
1ST INTERNATIONAL SUMMIT ON KIDNEY DISEASE PREVENTION,1,0.003
1ST INTERNATIONAL SYMPOSIUM ON COMPUTING IN SCIENCE AND ENGINEERING,1,0.003
1ST INTERNATIONAL WORKSHOP ON GALL BLADDER MOTILITY,1,0.003
1ST SYMPOSIUM OF YOGURT IN MEXICO YOGURT IN NUTRITION INITIATIVE FOR A BALANCED DIET,1,0.003
1ST US JAPANESE DIALOGUE ON LIPID DISORDERS AND CORONARY ARTERY DISEASE SYMPOSIUM,1,0.003
20TH ANNUAL MEETING OF THE SOCIETY FOR BEHAVIORAL MEDICINE,1,0.003
20TH INTERNATIONAL SYMPOSIUM ON SHIFT WORK AND WORKING TIME,1,0.003
21ST ANNUAL MEETING OF THE AMERICAN PROFESSIONAL SLEEP SOCIETIES,1,0.003
21ST ANNUAL MEETING OF THE JAPANESE SOCIETY OF HYPERTENSION,1,0.003
21ST COURSE OF ADVANCED RHYTHMOLOGY,1,0.003
21ST INTERNATIONAL CONFERENCE ON NEUROTOXICOLOGY,1,0.003
21ST PACIFIC SYMPOSIUM ON BIOCOMPUTING PSB,1,0.003
22ND ANNUAL CONFERENCE ON DIALYSIS,1,0.003
22ND ANNUAL MEETING OF THE RESEARCH SOCIETY ON ALCOHOLISM,1,0.003
22ND ANNUAL MEETING OF THE SOCIETY OF BEHAVIORAL MEDICINE,1,0.003
22ND ANNUAL MEETING OF THE SOCIETY OF GENERAL INTERNAL MEDICINE,1,0.003
22ND CONGRESS OF THE EUROPEAN COLLEGE OF NEUROPSYCHOPHARMACOLOGY,1,0.003
22ND PACIFIC SYMPOSIUM ON BIOCOMPUTING PSB,1,0.003
23RD ANNUAL FORUM OF THE AMERICAN COLLEGE OF VETERINARY INTERNAL MEDICINE,1,0.003
23RD ANNUAL MEETING OF THE ASSOCIATED PROFESSIONAL SLEEP SOCIETIES APSS,1,0.003
23RD ANNUAL MEETING OF THE SOCIETY OF BEHAVIORAL MEDICINE,1,0.003
23RD CONGRESS OF THE EUROPEAN SOCIETY OF CARDIOLOGY,1,0.003
24TH ANNUAL MEETING OF THE SOCIETY OF GENERAL INTERNAL MEDICINE,1,0.003
25TH ANNUAL MEETING OF THE SOCIETY OF GENERAL INTERNAL MEDICINE,1,0.003
25TH CLINICAL CONGRESS OF THE AMERICAN SOCIETY FOR PARENTERAL AND ENTERAL NUTRITION,1,0.003
25TH CONGRESS OF THE COLLEGIUM INTERNATIONALE NEURO PSYCHOPHARMACOLOGICUM CINP 29TH ANNUAL MEETING OF THE CANADIAN COLLEGE OF NEUROPSYCHOPHARMACOLOGY,1,0.003
26TH ANNUAL AMERICAN HEART ASSOCIATION INTERNATIONAL JOINT CONFERENCE ON STROKE AND CEREBRAL CIRCULATION,1,0.003
26TH ANNUAL ISCE CONFERENCE,1,0.003
26TH ANNUAL MEETING OF THE WESTERN VASCULAR SOCIETY,1,0.003
26TH INTERNATIONAL CONFERENCE ON COFFEE SCIENCES ASIC,1,0.003
26TH INTERNATIONAL CONFERENCE ON WORLD WIDE WEB WWW,1,0.003
27TH ANNUAL MEETING OF THE SOCIETY OF BEHAVIORAL MEDICINE,1,0.003
27TH ANNUAL MEETING OF THE SOCIETY OF GENERAL INTERNAL MEDICINE,1,0.003
27TH ANNUAL MEETING OF THE SOCIETY OF MATERNAL FETAL MEDICINE,1,0.003
28TH ANNUAL MEETING OF THE EUROPEAN ASSOCIATION FOR CARDIO THORACIC SURGERY,1,0.003
28TH ANNUAL MEETING OF THE RESEARCH SOCIETY ON ALCOHOLISM,1,0.003
28TH ANNUAL MEETING OF THE SOCIETY FOR MATERNAL FETAL MEDICINE,1,0.003
28TH ANNUAL MEETING OF THE SOCIETY OF BEHAVIORAL MEDICINE,1,0.003
28TH ANNUAL MEETING OF THE SOCIETY OF GENERAL INTERNAL MEDICINE,1,0.003
28TH INTERNATIONAL CONFERENCE ON POLYPHENOLS,1,0.003
28TH INTERNATIONAL SYMPOSIUM ON CEREBRAL BLOOD FLOW METABOLISM AND FUNCTION 13TH INTERNATIONAL CONFERENCE ON QUANTIFICATION OF BRAIN FUNCTION WITH PET,1,0.003
29TH CONGRESS OF THE EUROPEAN SOCIETY OF CARDIOLOGY,1,0.003
29TH INTERNATIONAL SYMPOSIUM ON GROWTH HORMONE AND GROWTH FACTORS IN ENDOCRINOLOGY AND METABOLISM,1,0.003
2ND AMERICAN SAMUELI SYMPOSIUM ON TOWARD HEALING ENVIRONMENTS IN HEALTH CARE,1,0.003
2ND ANNUAL MEETING OF THE SOCIETY FOR PERSONALITY AND SOCIAL PSYCHOLOGY,1,0.003
2ND CONFERENCE ON VALVES IN THE HEART OF THE BIG APPLE,1,0.003
2ND CONGRESS OF SISMES,1,0.003
2ND CROATIAN CONGRESS ON SIDE EFFECTS OF PSYCHOTROPICS,1,0.003
2ND IEEE EMBS INTERNATIONAL CONFERENCE ON BIOMEDICAL ENGINEERING AND SCIENCES IECBES,1,0.003
2ND INTERNATIONAL CONFERENCE ON BIOMEDICAL ENGINEERING AND BIOTECHNOLOGY ICBEB,1,0.003
2ND INTERNATIONAL CONFERENCE ON EDUCATION INNOVATION ICEI MULTICULTURAL EDUCATION IN DIGITAL ERA,1,0.003
2ND INTERNATIONAL CONFERENCE ON FATS AND OIL CONSUMPTION IN HEALTH AND DISEASE,1,0.003
2ND INTERNATIONAL CONFERENCE ON RECENT ADVANCES IN BIOMEDICAL AND THERAPEUTIC SCIENCES ICRABTS,1,0.003
2ND INTERNATIONAL SYMPOSIUM ON FIBRINOGEN AND CARDIOVASCULAR DISEASE,1,0.003
2ND INTERNATIONAL SYMPOSIUM ON FOOD AND AGRO BIODIVERSITY ISFA,1,0.003
2ND INTERNATIONAL SYMPOSIUM ON ICE CREAM,1,0.003
2ND INTERNATIONAL SYMPOSIUM ON LIFESTYLE RELATED DISEASE PERSPECTIVE FOR PRIMARY PREVENTION AND TREATMENT IN ANIMAL MODELS AND HUMANS,1,0.003
2ND LARRY AND HORTI FAIRBERG CARDIAC WORKSHOP,1,0.003
2ND NORTH AMERICAN CONGRESS OF EPIDEMIOLOGY,1,0.003
2ND RUTGERS SYMPOSIUM ON SELF AND SOCIAL IDENTITY,1,0.003
2ND SANTORINI CONFERENCE ON FROM HUMAN GENETIC VARIATIONS TO PREDICTION OF RISKS AND RESPONSES TO DRUGS AND TO THE ENVIRONMENT,1,0.003
2ND SCANDINAVIAN PEDIATRIC OBESITY CONFERENCE,1,0.003
30TH IRISH SIGNALS AND SYSTEMS CONFERENCE ISSC,1,0.003
31ST ANNUAL MEETING AND SCIENTIFIC SESSIONS OF THE SOCIETY OF BEHAVIORAL MEDICINE,1,0.003
31ST ANNUAL MEETING OF THE EUROPEAN ASSOCIATION FOR THE STUDY OF DIABETES,1,0.003
31ST ANNUAL MEETING OF THE SOCIETY OF GENERAL INTERNAL MEDICINE,1,0.003
32ND ANNUAL TRANSATLANTIC AIRWAY CONFERENCE ON LUNG DISEASES,1,0.003
33RD ANNUAL CHI CONFERENCE ON HUMAN FACTORS IN COMPUTING SYSTEMS CHI,1,0.003
33RD ANNUAL MEETING OF THE ASSOCIATION FOR ADVANCEMENT OF BEHAVIOR THERAPY,1,0.003
33RD ANNUAL MEETING OF THE SOCIETY FOR NEUROSCIENCE,1,0.003
34TH ANNUAL INTERNATIONAL CONFERENCE OF THE IEEE ENGINEERING IN MEDICINE AND BIOLOGY SOCIETY EMBS,1,0.003
34TH ANNUAL MEETING OF THE NORTH AMERICAN PRIMARY CARE RESEARCH GROUP,1,0.003
34TH ANNUAL SCIENTIFIC PREGNANCY MEETING OF THE SOCIETY FOR MATERNAL FETAL MEDICINE SMFM,1,0.003
34TH MINNESOTA SYMPOSIUM ON CHILD PSYCHOLOGY,1,0.003
36TH ANNUAL PREGNANCY MEETING OF THE SOCIETY FOR MATERNAL AND FETAL MEDICINE SMFM,1,0.003
36TH ANNUAL PREGNANCY MEETING OF THE SOCIETY FOR MATERNAL FETAL MEDICINE SMFM,1,0.003
36TH INTERNATIONAL CONGRESS OF PHYSIOLOGICAL SCIENCES,1,0.003
36TH MID YEAR RESEARCH CONFERENCE OF THE AMERICAN PYCHOLOGICAL ASSOCIATION SECTION,1,0.003
37TH ANNUAL MEETING OF THE AMBULATORY PEDIATRIC ASSOCIATION,1,0.003
37TH ANNUAL MEETING OF THE AMERICAN SOCIETY OF HEMATOLOGY,1,0.003
37TH ANNUAL MEETING OF THE SOCIETY FOR PSYCHOPHYSIOLOGICAL RESEARCH,1,0.003
38TH ANNUAL CONFERENCE ON CARDIOVASCULAR DISEASE EPIDEMIOLOGY AND PREVENTION,1,0.003
39TH NATIONAL NUTRIENT DATABANK CONFERENCE NNDC,1,0.003
3RD ADELF THEMATIC CONFERENCE ON SOCIAL EPIDEMIOLOGY AND HEALTH INEQUALITIES,1,0.003
3RD ANNUAL ACTIVE LIVING RESEARCH CONFERNCE,1,0.003
3RD INTERNATIONAL CONFERENCE ON BIOLOGICAL SCIENCES AND BIOTECHNOLOGY,1,0.003
3RD INTERNATIONAL CONFERENCE ON NUTRITION AND HIV INFECTION,1,0.003
3RD INTERNATIONAL CONFERENCE ON VETERINARY MEDICINE IN BETWEEN HEALTH AND ECONOMY VMHE,1,0.003
3RD INTERNATIONAL CONGRESS ON PHYSICAL ACTIVITY AND PUBLIC HEALTH,1,0.003
3RD INTERNATIONAL CONGRESS ON VEGETARIAN NUTRITION,1,0.003
3RD INTERNATIONAL EUROFIR CONGRESS 2009 EUROPEAN FOOD COMPOSITION DATA FOR BETTER DIET NUTRITION AND FOOD QUALITY,1,0.003
3RD INTERNATIONAL FIBRINOGEN SYMPOSIUM HEMOSTASIS INFLAMMATION AND CARDIOVASCULAR DISEASE,1,0.003
3RD INTERNATIONAL MEDITERRANEAN SYMPOSIUM ON HYPERTENSION CHANGING APPROACHES TO CARDIOVASCULAR CARE,1,0.003
3RD INTERNATIONAL SPORT NUTRITION CONFERENCE,1,0.003
3RD INTERNATIONAL SYMP ON HYPERTENSION ASSOCIATED WITH DIABETES MELLITUS PAST AND FUTURE,1,0.003
3RD INTERNATIONAL SYMPOSIUM ON ACTUAL ASPECTS AND DEVELOPMENTS IN THROMBOLYSIS,1,0.003
3RD NATIONAL OSTEOPOROSIS CONGRESS,1,0.003
3RD ROCKY MOUNTAIN CONFERENCE ON WEIGHT REALITIES,1,0.003
3RD WORLD CONFERENCE ON PSYCHOLOGY COUNSELLING AND GUIDANCE WCPCG,1,0.003
3RD WORLD CONGRESS ON HEART DISEASE,1,0.003
40TH ANNUAL MEETING OF THE SOCIETY FOR EPIDEMIOLOGIC RESEARCH,1,0.003
40TH ANNUAL MEETING ON COMPUTING IN CARDIOLOGY CINC,1,0.003
42ND ANNUAL MEETING OF THE AMERICAN COLLEGE OF NUTRITION,1,0.003
43RD ANNUAL CONFERENCE ON CARDIOVASCULAR DISEASE EPIDEMIOLOGY AND PREVENTION,1,0.003
43RD ANNUAL MEETING OF THE AMERICAN SOCIETY FOR CLINICAL NUTRITION,1,0.003
44TH ANNUAL FALL CONF AND SCIENTIFIC SESSION OF THE COUNCIL FOR HIGH BLOOD PRESSURE RESEARCH,1,0.003
44TH ANNUAL MEETING OF THE AMERICAN COLLEGE OF SPORTS MEDICINE,1,0.003
44TH ANNUAL SYMPOSIUM OF THE SOCIETY FOR THE STUDY OF INBORN ERRORS OF METABOLISM,1,0.003
44TH EUROPEAN MUSCLE CONFERENCE EMC,1,0.003
45TH ANNUAL CONFERENCE ON CARDIOVASCULAR DISEASE EPIDEMIOLOGY AND PREVENTION,1,0.003
45TH ANNUAL MEETING AND EXHIBITION OF THE AMERICAN SOCIETY OF HEMATOLOGY,1,0.003
46TH ANNUAL MEETING OF THE COUNCIL ON EPIDEMIOLOGY AND PREVENTION,1,0.003
47TH ANNUAL CONFERENCE ON CARDIOVASCULAR DISEASE EPIDEMIOLOGY AND PREVENTION,1,0.003
47TH ANNUAL MEETING OF THE AMERICAN HEART ASSOCIATION COUNCIL ON EPIDEMIOLOGY AND PREVENTION,1,0.003
49TH CONGRESS OF THE EUROPEAN RENAL ASSOCIATION EUROPEAN DIALYSIS AND TRANSPLANT ASSOCIATION ERA EDTA,1,0.003
4TH BRAZILIAN CONGRESS ON EPIDEMIOLOGY,1,0.003
4TH CROATIAN CONGRESS ON PSYCHOPHARMACOTHERAPY,1,0.003
4TH FUJIHARA SEMINAR ON MOLECULAR AND CELLULAR ASPECTS OF MUSCLE CONTRACTION,1,0.003
4TH INTERNATIONAL CONFERENCE ON DIETARY ASSESSMENT METHODS,1,0.003
4TH INTERNATIONAL CONFERENCE ON FOOD DIGESTION,1,0.003
4TH INTERNATIONAL CONFERENCE ON INTELLIGENT AND ADVANCED SYSTEMS ICIAS AND A CONFERENCE OF WORLD ENGINEERING SCIENCE AND TECHNOLOGY CONGRESS ESTCON,1,0.003
4TH INTERNATIONAL CONFERENCE ON METALS AND RELATED SUBSTANCES IN DRINKING WATER METEAU,1,0.003
4TH INTERNATIONAL CONFERENCE ON PREVENTION CARDIOLOGY,1,0.003
4TH INTERNATIONAL CONFERENCE ON SUSTAINABLE DESIGN AND MANUFACTURING SDM,1,0.003
4TH INTERNATIONAL CONGRESS OF BEHAVIORAL MEDICINE,1,0.003
4TH INTERNATIONAL CONGRESS ON FLOUR BREAD 2007 6TH CROATIAN CONGRESS OF CEREAL TECHNOLOGISTS,1,0.003
4TH INTERNATIONAL CONGRESS ON VEGETARIAN NUTRITION,1,0.003
4TH INTERNATIONAL DIETARY FIBRE CONFERENCE,1,0.003
4TH INTERNATIONAL IUPAC SYMPOSIUM ON TRACE ELEMENTS IN FOOD TEF,1,0.003
4TH INTERNATIONAL PHYTOCHEMICAL CONFERENCE,1,0.003
4TH INTERNATIONAL WORKSHOP CONFERENCE ON GESTATIONAL DIABETES MELLITUS,1,0.003
4TH NIZO CONFERENCE ON PROSPECTS FOR HEALTH WELL BEING AND SAFETY,1,0.003
4TH STROMBOLI CONFERENCE ON AGING AND CANCER,1,0.003
4TH U S SINO FORUM,1,0.003
4TH WORLD CONFERENCE ON EDUCATIONAL SCIENCES WCES,1,0.003
51ST ANNUAL MEETING OF THE AMERICAN ACADEMY OF NEUROLOGY,1,0.003
53RD ANNUAL SCIENTIFIC SESSION OF THE AMERICAN COLLEGE OF CARDIOLOGY,1,0.003
54TH ANNUAL SCIENTIFIC SESSION OF THE AMERICAN COLLEGE OF CARDIOLOGY,1,0.003
54TH SCIENTIFIC SESSION OF THE AMERICAN DIABETES ASSOCIATION,1,0.003
55TH ANNUAL FALL CONFERENCE AND SCIENTIFIC SESSIONS OF THE AMERICAN HEART ASSOCIATION COUNCIL FOR HIGH BLOOD PRESSURE RESEARCH,1,0.003
55TH ANNUAL SCIENTIFIC SESSION OF THE AMERICAN COLLEGE OF CARDIOLOGY,1,0.003
56TH ANNUAL MEETING OF THE AMERICAN SOCIETY FOR RADIATION ONCOLOGY ASTRO,1,0.003
56TH ANNUAL MEETING OF THE SOCIETY FOR THE STUDY OF SOCIAL PROBLEMS,1,0.003
56TH ANNUAL MEETING OF THE SOUTHERN THORACIC SURGICAL ASSOCIATION,1,0.003
57TH ANNUAL MEETING OF THE AMERICAN PSYCHOSOMATIC SOCIETY,1,0.003
57TH ANNUAL MEETING OF THE SOCIETY FOR GYNECOLOGIC INVESTIGATION,1,0.003
57TH NEBRASKA SYMPOSIUM ON MOTIVATION,1,0.003
58TH ANNUAL FALL CONFERENCE OF THE COUNCIL FOR HIGH BLOOD PRESSURE RESEARCH,1,0.003
58TH ANNUAL MEETING AND SCIENTIFIC SESSION OF THE AMERICAN DIABETES ASSOCIATION,1,0.003
59TH ANNUAL CLINICAL MEETING OF THE AMERICAN COLLEGE OF OBSTETRICIANS AND GYNECOLOGISTS,1,0.003
59TH ANNUAL MEETING OF THE AMERICAN DIABETES ASSOCIATION,1,0.003
59TH ANNUAL MEETING OF THE AMERICAN PSYCHOSOMATIC SOCIETY,1,0.003
5TH AMER INTERNATIONAL CONFERENCE ON ENVIRONMENT BEHAVIOUR STUDIES QUALITY OF LIFE IN THE BUILT AND NATURAL ENVIRONMENT AICQOL ANNUAL SERIAL LANDMARK INTERNATIONAL CONFERENCES ON QUALITY OF LIFE ASLI QOL,1,0.003
5TH ANNUAL MEETING OF THE HEART FAILURE SOCIETY OF AMERICA,1,0.003
5TH COPENHAGEN WORKSHOP ON ENDOCRINE DISRUPTERS UBIQUITOUS ENDOCRINE DISRUPTERS AND POSSIBLE HUMAN HEALTH EFFECTS,1,0.003
5TH EUROPEAN JOINT THEORETICAL EXPERIMENTAL MEETING ON MEMBRANES EJTEMM,1,0.003
5TH FERRING INTERNATIONAL PAEDIATRIC ENDOCRINOLOGY SYMPOSIUM,1,0.003
5TH IEEE CONSUMER COMMUNICATIONS AND NETWORKING CONFERENCE,1,0.003
5TH INTERNATIONAL CONFERENCE ON ADVANCEMENTS OF MEDICINE AND HEALTH CARE THROUGH TECHNOLOGY MEDITECH,1,0.003
5TH INTERNATIONAL CONFERENCE ON NUTRITION AND FITNESS,1,0.003
5TH INTERNATIONAL CONGRESS ON CORONARY ARTERY DISEASE,1,0.003
5TH INTERNATIONAL CONGRESS ON FLOUR BREAD 7TH CROATIAN CONGRESS OF CEREAL TECHNOLOGISTS,1,0.003
5TH INTERNATIONAL CONGRESS ON VEGETARIAN NUTRITION,1,0.003
5TH INTERNATIONAL SYMPOSIUM ON HYPERTENSION IN THE COMMUNITY,1,0.003
5TH INTERNATIONAL SYMPOSIUM ON IN VIVO BODY COMPOSITION STUDIES,1,0.003
5TH MEETING OF THE ASIAN SOCIETY FOR MITOCHONDRIAL RESEARCH AND MEDICINE ASMRM,1,0.003
5TH WASHINGTON SYMPOSIUM ON DIETARY FIBER THE VAHOUNY FIBER SYMPOSIUM,1,0.003
5TH WORLD CONFERENCE ON PSYCHOLOGY COUNSELING AND GUIDANCE WCPCG,1,0.003
5TH WORLD CONGRESS ON CONTROVERSIES TO CONSENSUS IN DIABETES OBESITY AND HYPERTENSION CODHY,1,0.003
61ST ANNUAL MEETING OF THE AMERICAN PSYCHOSOMATIC SOCIETY,1,0.003
62ND ANNUAL MEETING OF THE AMERICAN ACADEMY FOR CEREBRAL PALSY AND DEVELOPMENTAL MEDICINE,1,0.003
62ND ANNUAL MEETING OF THE AMERICAN DIABETES ASSOCIATION,1,0.003
62ND ANNUAL MEETING OF THE AMERICAN PSYCHOSOMATIC SOCIETY,1,0.003
62ND ANNUAL MEETING OF THE AMERICAN SOCIETY FOR REPRODUCTIVE MEDICINE,1,0.003
63RD ANNUAL MEETING OF THE AMERICAN PSYCHOSOMATIC SOCIETY,1,0.003
64TH ANNUAL MEETING OF THE AMERICAN DIABETES ASSOCIATION,1,0.003
64TH ANNUAL MEETING OF THE AMERICAN SOCIETY FOR REPRODUCTIVE MEDICINE ASRM,1,0.003
64TH ANNUAL MEETING OF THE SOCIETY FOR PEDIATRIC RESEARCH,1,0.003
64TH ANNUAL MEETING OF THE SOUTHERN THORACIC SURGICAL ASSOCIATION,1,0.003
65TH ANNUAL MEETING OF THE AMERICAN DIABETES ASSOCIATION,1,0.003
65TH ANNUAL MEETING OF THE COLLEGE ON PROBLEMS OF DRUG DEPENDENCE,1,0.003
66TH ANNUAL MEETING OF THE AMERICAN DIABETES ASSOCIATION,1,0.003
67TH SCIENTIFIC SESSION OF THE AMERICAN HEART ASSOCIATION,1,0.003
69TH SCIENTIFIC SESSION AND EXPO OF THE AMERICAN COLLEGE OF CARDIOLOGY ACC,1,0.003
6TH AAAC AFFECTIVE COMPUTING AND INTELLIGENT INTERACTION INTERNATIONAL CONFERENCE ACII,1,0.003
6TH CONGRESS OF THE EUROPEAN SOCIETY FOR AGRICULTURAL AND FOOD ETHICS,1,0.003
6TH INTERNATIONAL CONGRESS OF THE MEDITERRANEAN DIET,1,0.003
6TH INTERNATIONAL CONGRESS ON VEGETARIAN NUTRITION ICVN,1,0.003
6TH INTERNATIONAL FESTEM SYMPOSIUM ON NEW HORIZONS ON TRACE ELEMENTS AND MINERALS ROLE IN HUMAN AND ANIMAL HEALTH,1,0.003
6TH INTERNATIONAL HIV AND AGING WORKSHOP,1,0.003
6TH INTERNATIONAL SYMPOSIUM ON IN VIVO BODY COMPOSITION STUDIES,1,0.003
6TH INTERNATIONAL SYMPOSIUM ON RECENT ADVANCES IN ENVIRONMENTAL HEALTH RESEARCH,1,0.003
6TH MANTUA WORKSHOP ON DIABETES MELLITUS AND RELATED DISORDERS,1,0.003
6TH NATIONAL CONFERENCE ON OMEGA 3 FATTY ACIDS CLA AND ANTIOXIDANTS,1,0.003
6TH TRANSPORT RESEARCH ARENA TRA,1,0.003
6TH WORLD CONFERENCE ON PSYCHOLOGY COUNSELING AND GUIDANCE,1,0.003
6TH WORLD CONGRESS ON STRESS,1,0.003
70TH SCIENTIFIC SESSION OF THE AMERICAN HEART ASSOCIATION,1,0.003
72ND JOINT ANNUAL MEETING OF THE AMERICAN SOCIETY OF PLASTIC SURGEONS PLASTIC SURGERY EDUCATIONAL FOUNDATION AMERICAN SOCIETY OF MAXILLOFACIAL SURGEONS,1,0.003
73RD SCIENTIFIC CONGRESS AND EXPO OF THE AMERICAN SOCIETY FOR REPRODUCTIVE MEDICINE ASRM,1,0.003
78TH ANNUAL MEETING AND CONFERENCE OF THE GEORGIA PUBLIC HEALTH ASSOCIATION OUR COMMON WELFARE MSM HEALTH AND WELLNESS SUMMIT,1,0.003
79TH ANNUAL SCIENTIFIC SESSION OF THE AMERICAN HEART ASSOCIATION,1,0.003
7TH ANNUAL SYMPOSIUM OF THE CANADIAN JOURNAL OF CARDIOLOGY,1,0.003
7TH ATHENS CONFERENCE ON WOMEN S HEALTH AND DISEASE GYNECOLOGIC ENDOCRINE AND REPRODUCTIVE ISSUES,1,0.003
7TH CONGRESS OF THE INTERNATIONAL SOCIETY FOR NEUROIMMUNOMODULATION,1,0.003
7TH CONGRESS OF THE SPANISH SOCIETY FOR THE STUDY OF OBESITY,1,0.003
7TH DAIRY SCIENCE WORLD SERIES CONFERENCE DSWS,1,0.003
7TH EUROPEAN MEETING ON HYPERTENSION,1,0.003
7TH FRIBOURG OBESITY RESEARCH CONFERENCE FORC,1,0.003
7TH INTERNATIONAL CONFERENCE ON FUNCTIONAL IMAGING AND MODELING OF THE HEART FIMH,1,0.003
7TH INTERNATIONAL CONGRESS OF THE MEDITERANEAN DIET,1,0.003
7TH INTERNATIONAL CONGRESS ON PHYSICAL EDUCATION SPORT AND KINETOTHERAPY ICPESK,1,0.003
7TH INTERNATIONAL SEMINAR ON NEW PARADIGM AND INNOVATION ON NATURAL SCIENCE AND ITS APPLICATION ISNPINSA,1,0.003
7TH INTERNATIONAL SYMPOSIUM ON NUTRITIONAL ASPECTS OF OSTEOPOROSIS,1,0.003
7TH WORLD CONGRESS ON TRAUMA SHOCK INFLAMMATION AND SEPSIS,1,0.003
82ND GENERAL SESSION OF THE INTERNATIONAL ASSOCIATION FOR DENTAL RESEARCH 33RD AMERICAN ASSOCIATION FOR DENTAL RESEARCH,1,0.003
85TH ANNUAL MEETING OF THE ENDOCRINE SOCIETY,1,0.003
86TH ANNUAL MEETING OF THE ENDOCRINE SOCIETY,1,0.003
89TH ANNUAL MEETING OF THE UNITED STATES AND CANADIAN ACADEMY OF PATHOLOGY,1,0.003
8TH INTERNATIONAL SYMPOSIUM ON GROWTH AND NUTRITION IN CHILDREN WITH CHRONIC RENAL DISEASE,1,0.003
8TH INTERNATIONAL SYMPOSIUM ON THE NEUROBIOLOGY AND NEUROENDOCRINOLOGY OF AGING,1,0.003
8TH POSTGRADUATE NUTRITION SYMPOSIUM ON METABOLIC SYNDROME AND THE ONSET OF CANCER,1,0.003
90TH NESTLE NUTRITION INSTITUTE WORKSHOP,1,0.003
93RD ANNUAL MEETING OF THE AMERICAN OIL CHEMISTS SOCIETY AOCS,1,0.003
94TH ANNUAL MEETING OF THE AMERICAN OIL CHEMISTS SOCIETY,1,0.003
94TH ANNUAL MEETING OF THE AMERICAN SOCIOLOGICAL ASSOCIATION,1,0.003
95TH ANNUAL MEETING OF THE AMERICAN SOCIOLOGICAL ASSOCIATION,1,0.003
9TH ANNUAL MEETING OF THE EUROPEAN COLLEGE OF SPORT SCIENCE,1,0.003
9TH CONGRESS OF THE EUROPEAN ASSOCIATION OF ECHOCARDIOGRAPHY EUROECHO 9,1,0.003
9TH IEEE INTERNATIONAL CONFERENCE ON BIG KNOWLEDGE ICBK,1,0.003
9TH INTERNATIONAL CONFERENCE ON EATING DISORDERS,1,0.003
9TH INTERNATIONAL CONGRESS OF PEDIATRIC LABORATORY MEDICINE,1,0.003
9TH INTERNATIONAL CONGRESS ON ISOZYMES GENES AND GENE FAMILIES,1,0.003
9TH INTERNATIONAL FOOD DATA CONFERENCE,1,0.003
9TH INTERNATIONAL SEMINAR ON MEDICAL INFORMATION PROCESSING AND ANALYSIS,1,0.003
9TH INTERNATIONAL WORKSHOP ON ADVERSE DRUG REACTIONS AND LIPODYSTROPHY IN HIV,1,0.003
9TH MEETING ON NUTRITION UPDATES AT UNIVERSITY OF NAVARRA,1,0.003
9TH RCMI INTERNATIONAL SYMPOSIUM ON HEALTH DISPARITIES,1,0.003
9TH WORLD CONGRESS FOR MICROCIRCULATION,1,0.003
ACADEMY SESQUICENTENNIAL SYMPOSIUM ON TOWARD AN URBAN HEALTH AGENDA,1,0.003
ANNUAL CLAREMONT SYMPOSIUM ON APPLIED SOCIAL PSYCHOLOGY,1,0.003
ANNUAL CLINICAL MEETING OF THE NATIONAL KIDNEY FOUNDATION,1,0.003
ANNUAL CONFERENCE OF SOCIETY FOR SOCIAL WORK RESEARCH,1,0.003
ANNUAL CONFERENCE OF THE ACADEMY FOR EATING DISORDERS,1,0.003
ANNUAL CONFERENCE OF THE SOCIETY FOR APPLIED PHILOSOPHY,1,0.003
ANNUAL CONFERENCE OF THE SOCIETY OF PERSONALITY AND SOCIAL PSYCHOLOGY,1,0.003
ANNUAL EUROPEAN CONGRESS OF RHEUMATOLOGY,1,0.003
ANNUAL EUROPEAN CONGRESS OF RHEUMATOLOGY EULAR,1,0.003
ANNUAL EUROPEAN CONGRESS OF RHEUMATOLOGY EULAR 2007,1,0.003
ANNUAL MEETING OF THE AMERICAN ASSOCIATION FOR CLINICAL CHEMISTRY,1,0.003
ANNUAL MEETING OF THE AMERICAN COLLEGE OF EPIDEMIOLOGY ON MOLECULAR EPIDEMIOLOGY IN THE 1990S AND THE INTERFACE BETWEEN EPIDEMIOLOGY AND BEHAVIORAL SCIENCE,1,0.003
ANNUAL MEETING OF THE AMERICAN DIABETES ASSOCIATION,1,0.003
ANNUAL MEETING OF THE AMERICAN DIETETIC ASSOCIATION,1,0.003
ANNUAL MEETING OF THE AMERICAN PSYCHOLOGICAL ASSOCIATION,1,0.003
ANNUAL MEETING OF THE AMERICAN PUBLIC HEALTH ASSOCIATION,1,0.003
ANNUAL MEETING OF THE AMERICAN SOCIETY FOR CLINICAL NUTRITION AMERICAN FEDERATION FOR CLINICAL RESEARCH,1,0.003
ANNUAL MEETING OF THE CONFERENCE ON CARDIOVASCULAR DISEASE EPIDEMIOLOGY AND PREVENTION,1,0.003
ANNUAL MEETING OF THE INSTITUTE OF FOOD TECHNOLOGISTS,1,0.003
ANNUAL MEETING OF THE INTERNATIONAL SOCIETY FOR POLITICAL PSYCHOLOGY,1,0.003
ANNUAL MEETING OF THE INTERNATIONAL SOCIETY OF BEHAVIORAL MEDICINE,1,0.003
ANNUAL MEETING OF THE NURTITION SOCIETY BRITISH ASSOCIATION FOR PARENTERAL AND ENTERAL NUTRITION,1,0.003
ANNUAL MEETING OF THE OXYGEN CLUB OF CALIFORNIA OCC,1,0.003
ANNUAL MEETING OF THE SOCIETY FOR BEHAVIORAL MEDICINE,1,0.003
ANNUAL MEETING OF THE SOCIETY FOR EPIDEMIOLOGIC RESEARCH,1,0.003
ANNUAL MEETING OF THE SOCIETY FOR MEDICINE,1,0.003
ANNUAL MEETING OF THE SOCIETY FOR NUTRITION EDUCATION,1,0.003
ANNUAL MEETING OF THE SOCIETY OF ACADEMIC AND RESEARCH SURGERY,1,0.003
ANNUAL MEETING OF THE SOCIETY OF AMERICAN GASTROINTESTINAL AND ENDOSCOPIC SURGEONS,1,0.003
ANNUAL MEETING OF THE SOUTHERN SOCIOLOGICAL SOCIETY,1,0.003
ANNUAL MEETING OF THE VETERANS AFFAIRS HEALTH SERVICES RESEARCH AND DEVELOPMENT SERVICE,1,0.003
ANNUAL MEETINGS OF THE AMERICAN SOCIOLOGICAL ASSOCIATION,1,0.003
ANNUAL REGISTRARS OBSTETRICS AND GYNAECOLOGY MEETING,1,0.003
ANNUAL RESEARCH MEETING OF THE ACADEMY OF HEALTH SERVICES RESEARCH AND HEALTH POLICY,1,0.003
ANNUAL SCIENTIFIC MEETING OF THE SOCIETY FOR PEDIATRIC AND PERINATED EPIDEMIOLOGIC,1,0.003
ANNUAL SYMPOSIUM OF THE HIP SOCIETY,1,0.003
ANNUAL TECHNO COLLEGE MEETING AT THE 26TH ANNUAL MEETING OF THE EUROPEAN ASSOCIATION FOR CARDIO THORACIC SURGERY EACTS,1,0.003
ASIA PACIFIC INTERNATIONAL CONFERENCE ON ENVIRONMENT BEHAVIOUR STUDIES AICE BS,1,0.003
ATTITUDES CONFERENCE,1,0.003
BELYAEV CONFERENCE GENOMICS,1,0.003
BERZELIUS SYMPOSIUM ON DEVELOPMENTAL ORIGINS OF ADULT DISEASE,1,0.003
BEYOND BORDERS II A JOINT MEETING OF THE DIETITIANS OF CANADA AND THE AMERICAN DIETETIC ASSOCIATION,1,0.003
BJORNTORP SYMPOSIUM ON STRESS OBESITY AND METABOLIC SYNDROME,1,0.003
CHI CONFERENCE ON HUMAN FACTORS IN COMPUTING SYSTEMS CHI,1,0.003
CME SYMPOSIUM ON IMPLICATIONS OF INSULIN RESISTANCE CONCERNS BEYOND GLCUOSE,1,0.003
COLD SPRING HARBOR SYMPOSIUM ON QUANTITATIVE BIOLOGY,1,0.003
COLLOQUIUM OF ADVANCED MECHANICS CAMS,1,0.003
CONFERENCE OF THE AMERICAN SOCIETY OF ADDICTION MEDICINE ON NICOTINE REPLACEMENT TREATMENT AMONG SPECIAL POPULATIONS OF SMOKERS,1,0.003
CONFERENCE OF THE DIABETES IN PREGNANCY STUDY GROUP OF NORTH AMERICA,1,0.003
CONFERENCE OF THE INTERNATIONAL NETWORK OF HEALTH EXPECTANCY AND THE DISABILITY PROCESS,1,0.003
CONFERENCE ON CHRONIC DISEASES IN CHILDHOOD OBESITY RISKS AND BENEFITS OF EARLY INTERVENTION,1,0.003
CONFERENCE ON DEFINING ENERGY FOR A NEW MILLENNIUM,1,0.003
CONFERENCE ON DEVELOPING A COMPREHENSIVE PUBLIC HEALTH STRATEGY FOR PRENVENTING THE DEVELOPMENT PROGRESSION AND COMPLICATIONS OF CKD,1,0.003
CONFERENCE ON ELIMINATING RACIAL ETHNIC AND SES DISPARITIES IN HEALTH CARE,1,0.003
CONFERENCE ON FEEDING CITIES ETHICAL AND POLICY ISSUES IN URBAN FOOD SYSTEMS,1,0.003
CONFERENCE ON FRONTIERS IN LIPID AND LIPOPROTEIN RESEARCH BASIC SCIENCE ANALYTICAL CLINICAL AND PUBLIC HEALTH APPLICATIONS,1,0.003
CONFERENCE ON GLUCOCORTICOIDS AND MOOD CLINICAL MANIFESTATIONS RISK FACTORS AND MOLECULAR MECHANISMS,1,0.003
CONFERENCE ON HEALTH INEQUALITIES ACROSS THE LIFE COURSE,1,0.003
CONFERENCE ON LIPIDS HYPERTENSION AND NUTRITION IN RENAL DISEASE,1,0.003
CONFERENCE ON LIVING WELL TO 100 IS INFLAMMATION CENTRAL TO AGING,1,0.003
CONFERENCE ON MARIHUANA AND MEDICINE,1,0.003
CONFERENCE ON MEDICAL IMAGING 2011 VISUALIZATION IMAGE GUIDED PROCEDURES AND MODELING,1,0.003
CONFERENCE ON MENTAL HEALTH BEYOND THE TRUTH AND RECONCILIATION COMMISSION,1,0.003
CONFERENCE ON NEW FRONTIERS IN THE BIOLOGY OF STRESS MALTREATMENT AND TRAUMA OPPORTUNITIES FOR TRANSLATION RESILIENCE AND REVERSIBILITY,1,0.003
CONFERENCE ON NEW INFORMATIONS FROM MOLECULAR BIOLOGY METHODS,1,0.003
CONFERENCE ON OBESITY WOMENS HEALTH AND PREGNANCY,1,0.003
CONFERENCE ON ORAL BASED DIAGNOSTICS,1,0.003
CONFERENCE ON PATHOPHYSIOLOGY ON INFLAMMATORY BOWEL DISEASE TREATMENT,1,0.003
CONFERENCE ON PREVENTION AND TREATMENT OF CHILDHOOD OBESITY,1,0.003
CONFERENCE ON RISK STRATIFICATION AND INTERVENTIONS TO ATTENUATE PROGRESSIVE DIABETIC NEPHROPATHY,1,0.003
CONFERENCE ON SOMATIC PRESENTATIONS OF MENTAL DISORDERS,1,0.003
CONFERENCE ON THE CONTEMPORARY DIAGNOSIS AND TREATMENT OF VITAMIN D RELATED DISORDERS,1,0.003
CONFERENCE ON THE FUTUTE OF PSYCHIATRIC DIAGNOSIS REFINING THE RESEARCH AGENDA,1,0.003
CONFERENCE ON THE SCIENTIFIC ASSESSMENT OF THE VALUE OF BIOMEASURES IN THE PANEL STUDY OF INCOME DYNAMICS,1,0.003
CONFERENCE ON THE STATE OF CHILDHOOD ASTHMA AND FUTURE DIRECTIONS,1,0.003
DIETARY FIBRE 2003 CONFERENCE,1,0.003
DIGESTIVE DISEASE WEEK 107TH ANNUAL MEETING OF THE AMERICAN GASTROENTEROLOGICAL ASSOCIATION,1,0.003
DIGESTIVE DISEASE WEEK MEETING 107TH ANNUAL MEETING OF THE AMERICAN GASTROENTEROLOGICAL ASSOCIATION,1,0.003
EXPERIMENTAL BIOLOGY 2001 ANNUAL MEETING,1,0.003
EXPERIMENTAL BIOLOGY 2002 MEETING,1,0.003
EXPERIMENTAL BIOLOGY 2006 ANNUAL MEETING,1,0.003
EXPERIMENTAL BIOLOGY 96 ANNUAL MEETING,1,0.003
F THOMAS JUSTER SYMPOSIUM,1,0.003
FUNCTIONAL FOODS FOR HEALTH PROMOTION,1,0.003
GENE NUTRITION AND GENE NUTRITION AND GENE PHYSICAL ACTIVITITY INTERACTIONS IN THE ETIOLOGY OF OBESITY WORKSHOP,1,0.003
HEALTH DISPARITIES IN EARLY NUTRITION,1,0.003
HEART RHYTHM SCIENTIFIC SESSION,1,0.003
IDF INRA 1ST INTERNATIONAL SYMPOSIUM ON MINERALS AND DAIRY PRODUCTS,1,0.003
IEEE EMBS CONFERENCE ON BIOMEDICAL ENGINEERING AND SCIENCES IECBES,1,0.003
IEEE INTERNATIONAL CONFERENCE ON ACOUSTICS SPEECH AND SIGNAL PROCESSING ICASSP,1,0.003
IEEE INTERNATIONAL CONFERENCE ON ENGINEERING TECHNOLOGY AND INNOVATION ICE ITMC,1,0.003
IEEE INTERNATIONAL CONFERENCE ON FUZZY SYSTEMS FUZZ IEEE,1,0.003
IEEE INTERNATIONAL CONFERENCE ON IMAGING SYSTEMS AND TECHNIQUES IST,1,0.003
IEEE INTERNATIONAL CONFERENCE ON SYSTEMS MAN AND CYBERNETICS SMC,1,0.003
IEEE SENSORS APPLICATIONS SYMPOSIUM SAS,1,0.003
INTERDISCIPLINARY CONFERENCE ON EVOLUTION OF PSYCHOPATHOLOGY,1,0.003
INTERNATIONAL CONFERENCE OF THE ACADEMY FOR EATING DISORDERS,1,0.003
INTERNATIONAL CONFERENCE ON BIOMEDICAL ENGINEERING INNOVATION ICBEI,1,0.003
INTERNATIONAL CONFERENCE ON FOETAL PROGRAMMING AND DEVELOPMENT TOXICITY,1,0.003
INTERNATIONAL CONFERENCE ON GLOBAL PUBLIC HEALTH,1,0.003
INTERNATIONAL CONFERENCE ON INEVITABLE LINK BETWEEN HEART AND BEHAVIOR NEW INSIGHTS FROM BIOMEDICAL RESEARCH AND IMPLICATIONS FOR CLINICAL PRACTICE,1,0.003
INTERNATIONAL CONFERENCE ON LABORATORY AND CLINICAL REASONING,1,0.003
INTERNATIONAL CONFERENCE ON PHOSPHOLIPASE A2,1,0.003
INTERNATIONAL CONFERENCE ON POLYSACCHARIDES FOR NUTRACEUTICALS AND BIOMATERIALS ICPNB,1,0.003
INTERNATIONAL CONFERENCE ON PRE HYPERTENSION AND CARDIO METABOLIC SYNDROME PREHT,1,0.003
INTERNATIONAL CONGRESS OF EPIDEMIOLOGY,1,0.003
INTERNATIONAL CONGRESS ON HYPERTENSION AND THE HEART,1,0.003
INTERNATIONAL MERCK SYMPOSIUM ON HDL RAISING BEYOND LDL C REDUCTION NEW PARADIGMS IN REDUCTION OF CARDIOVASCULAR RISK,1,0.003
INTERNATIONAL PEDIATRIC HEART FAILURE SUMMIT OF JOHNS HOPKINS ALL CHILDREN S HEART INSTITUTE,1,0.003
INTERNATIONAL RESEARCH CONFERENCE ON FOOD NUTRITION AND CANCER,1,0.003
INTERNATIONAL SYMPOSIUM ON ATHEROSCLEROSIS SANKYO FORUM,1,0.003
INTERNATIONAL SYMPOSIUM ON BEVERAGES AND HEALTH,1,0.003
INTERNATIONAL SYMPOSIUM ON CHILDREN AND YOUTH FITNESS AND HEALTH,1,0.003
INTERNATIONAL SYMPOSIUM ON COMMON DEVELOPMENT OF SPORTS AND MODERN SOCIETY,1,0.003
INTERNATIONAL SYMPOSIUM ON EDUCATION MANAGEMENT AND INNOVATION,1,0.003
INTERNATIONAL SYMPOSIUM ON FUNCTIONAL FOODS,1,0.003
INTERNATIONAL SYMPOSIUM ON INSULIN RESISTANCE AS A RISK FACTOR FOR CARDIOVASCULAR DISEASE,1,0.003
INTERNATIONAL TITISEE SYMPOSIUM ON HEALTH EFFECTS OF ALCOHOL INTAKE,1,0.003
IPCS UK DOH WORKSHOP ON VARIABILITY IN TOXIC RESPONSE HUMAN AND ENVIRONMENTAL,1,0.003
ISN CONFERENCE ON PREVENTION OF PROGRESSION OF RENAL DISEASE,1,0.003
JACKSON CARDIOVASCULAR RENAL MEETING,1,0.003
JOINT 16TH INTERNATIONAL SYMPOSIUM ON TRACE ELEMENTS IN MAN AND ANIMALS TEMA 12TH CONFERENCE OF THE INTERNATIONAL SOCIETY FOR TRACE ELEMENT RESEARCH IN HUMANS ISTERH 13TH CONFERENCE OF THE NORDIC TRACE ELEMENT SOCIETY NTES,1,0.003
JOINT CONFERENCE OF THE 21ST INTERNATIONAL CONGRESS OF PEDIATRICS 7TH NATIONAL PEDIATRIC NURSING CONGRESS,1,0.003
JOINT CONFERENCE OF THE PHYSIOLOGICAL SOCIETY AND THE AMERICAN PHYSIOLOGICAL SOCIETY,1,0.003
JOINT INTERNATIONAL CONFERENCE ON POLYPHENOLS ICP 8TH TANNIN CONFERENCE,1,0.003
JOINT MEETING BETWEEN THE BELGIAN NUTRITION SOCIETY THE NUTRITION SOCIETY AND SOCIETE FRANCAISE DE NUTRITION CONFERENCE ON SUSTAINABLE DIET AND FOOD SECURITY SYMPOSIUM 2 ON FOOD PRODUCTION SYSTEM,1,0.003
JOINT MEETING OF THE 16TH CONGRESS OF THE EUROPEAN RHINOLOGIC SOCIETY 15TH ISIAN 8TH CONGRESS OF THE INTERNATIONAL RHINOLOGIC SOCIETY,1,0.003
JOINT MEETING OF THE NUTRITION SOCIETY AND THE ROYAL SOCIETY OF MEDICINE CONFERENCE ON DIETARY STRATEGIES FOR THE MANAGEMENT OF CARDIOVASCULAR RISK,1,0.003
JOINT WHO FAO EXPERT CONSULTATION MEETING ON DIET NUTRITION AND THE PREVENTION OF CHRONIC DISEASES,1,0.003
MANAGEMENT OF HYPERURICEMIA AND GOUT EXPERT OPINION MEETING,1,0.003
MAYO CLINIC COURSE IN ADVANCED CELLULAR AND MOLECULAR MEDICINE,1,0.003
MEDICAL IMAGING 2007 CONFERENCE,1,0.003
MEDITERRANEAN CARDIOLOGY MEETING,1,0.003
MEETING OF THE AMERICAN SOCIETY OF HUMAN GENETICS,1,0.003
MEETING OF THE EUROPEAN SOCIETY OF HYPERTENSION,1,0.003
MEETING OF THE FAO WHO SCIENTIFIC UPDATE ON CARBOHYDRATES IN HUMAN NUTRITION,1,0.003
MEETING OF THE MIDWESTERN PSYCHOLOGICAL ASSOCIATION,1,0.003
MEETING OF THE NEPHROLOGY SOCIETY OF NEPHROLOGY FOREFRONTS IN NEPHROLOGY ON NITRIC OXIDE AND RENAL INFLAMMATION,1,0.003
MEETING OF THE NUTRITION SOCIETY,1,0.003
MEETING ON ARTERIAL HYPERTENSION AND SYMPATHETIC NERVOUS SYSTEM,1,0.003
MEETING ON PULSES AND HUMAN HEALTH,1,0.003
MEETING ON SAFETY PROFILES OF MOOD STABILIZERS ANTIPSYCHOTICS AND BROAD SPECTRUM PSYCHOTROPICS,1,0.003
MEETING ON SCIENTIFIC UPDATE ON DAIRY FATS AND CVD,1,0.003
MIDDLE EASTERN MEDITERRANEAN SUMMER INSTITUTE ON DRUG USE MEETING,1,0.003
MILLENNIUM SYMPOSIUM ON DEVELOPMENTS IN DAILY FOODS SENSORY SCIENCE,1,0.003
MULTIDISCIPLINARY FORUM ON STATINS FOROSTAT,1,0.003
NATIONAL ACTION PLAN ON BREAST CANCER WORKSHOP ON MULTICULTURAL ASPECTS OF BREAST CANCER ETIOLOGY,1,0.003
NATIONAL CONFERENCE IN CHILD HEALTH PSYCHOLOGY,1,0.003
NATIONAL CONFERENCE ON CHILDHOOD OBESITY,1,0.003
NEW YORK ACADEMY OF SCIENCES CONFERENCE,1,0.003
NEW YORK ACADEMY OF SCIENCES CONFERENCE ON SOCIAL CLASS AND HEALTH,1,0.003
NORTH AMERICAN CONGRESS OF CLINICAL TOXICOLOGY NACCT,1,0.003
NUTRITION SOCIETY SUMMER MEETING CONFERENCE ON CARBOHYDRATES IN HEALTH FRIENDS OR FOES SYMPOSIUM 4 ON WHOLE GRAINS DIETARY FIBRE AND GRAIN DERIVED PHYTOCHEMICALS,1,0.003
NUTRITION WEEK 2002 MEETING,1,0.003
OSKAR KELLNER SYMPOSIUM ON METABOLIC FLEXIBILITY IN ANIMAL AND HUMAN NUTRITION,1,0.003
PROCEEDINGS OF A SYMPOSIUM 2ND INTERNATIONAL CONFERENCE ON DIETARY ASSESSMENT METHODS,1,0.003
REGIONAL PUBLIC HEALTH AND PREVENTIVE MEDICINE CONFERENCE,1,0.003
ROLE OF DIETARY FIBER IN CHILDHOOD CONFERENCE,1,0.003
ROUNDTABLE MEETING ON CURRENT CONCEPTS IN LIPOPROTEIN MODULATED DISEASE,1,0.003
SATELLITE SYMPOSIUM OF THE 7TH ICO ON EXERCISE AND OBESITY MORPHOLOGICAL METABOLIC AND CLINICAL IMPLICATIONS,1,0.003
SATELLITE SYMPOSIUM ON HYPERTENSION AND NIDDM DOUBLING THE RISK TO THE 16TH CONGRESS OF THE INTERNATIONAL DIABETES FEDERATION,1,0.003
SATELLITE SYMPOSIUM ON NUTRITION METABOLISM AND CARDIOVASCULAR DISEASES OF THE 16TH SCIENTIFIC MEETING OF THE INTERNATIONAL SOCIETY OF HYPERTENSION,1,0.003
SCIENTIFIC MEETING ON AUSTRALIA AND NEW ZEALAND DEVELOPMENTAL ORIGINS OF HEALTH AND DISEASE ANZ DOHAD,1,0.003
SCIENTIFIC SESSIONS OF THE AMERICAN HEART ASSOCIATION ON EPIDEMIOLOGY AND PREVENTION LIFESTYLE AND CARDIOMETABOLIC HEALTH,1,0.003
SEMINAR ON SEXUAL HEALTH AND SEXUAL HEALTH PROMOTION,1,0.003
SICILIANO FORUM 2007,1,0.003
SINO CANADIAN SYMPOSIUM ON RECENT ADVANCES IN CARDIOVASCULAR AND GASTROHEPATIC RESEARCH,1,0.003
SOUTHEASTERN LIPID CONFERENCE,1,0.003
SUMMER MEETING OF THE NUTRITION SOCIETY CONFERENCE ON FUTURE OF ANIMAL PRODUCTS IN THE HUMAN DIET HEALTH AND ENVIRONMENTAL CONCERNS,1,0.003
SYMPOSIUM ON 1998 GUIDELINES FOR THE TREATMENT OF SEXUALLY TRANSMITTED DISEASES,1,0.003
SYMPOSIUM ON A NOVEL APPROACH TO THE MANAGEMENT OF OBESITY,1,0.003
SYMPOSIUM ON BLUE VERSUS GRAY POTENTIAL HEALTH BENEFITS OF BLUEBERRIES FOR SUCCESSFUL AGING HELD AT THE INTERNATIONAL CONGRESS OF GERONTOLOGY,1,0.003
SYMPOSIUM ON CALCIUM ANTAGONISTS IN HYPERTENSION EVOLVING PERSPECTIVES,1,0.003
SYMPOSIUM ON CALCIUM RELATED CHRONIC DISEASES IN ETHNIC MINORITIES,1,0.003
SYMPOSIUM ON CARDIAC HYPERTROPHY AND FAILURE CELLULAR AND SIGNALLING DEFECTS,1,0.003
SYMPOSIUM ON CARDIOVASCULAR DISEASE IN AFRICAN AMERICANS,1,0.003
SYMPOSIUM ON CONTEMPORARY CONCEPTS IN TOXICOLOGY,1,0.003
SYMPOSIUM ON CURRENT DIETARY PHOSPHORUS INTAKE ARE THERE POTENTIAL IMPLICATIONS FOR PUBLIC HEALTH,1,0.003
SYMPOSIUM ON DIABETES INFLAMMATION AND CARDIOVASCULAR DISEASE,1,0.003
SYMPOSIUM ON DIABETES UPDATE NEW DEVELOPMENTS IN PATHOPHYSIOLOGY AND TREATMENT OF NIDDM,1,0.003
SYMPOSIUM ON DOSE RESPONSE ISSUES CONCERNING PHYSICAL ACTIVITY AND HEALTH,1,0.003
SYMPOSIUM ON ENDOCRINE MECHANISMS,1,0.003
SYMPOSIUM ON FRUCTOSE SUCROSE AND HIGH FRUCTOSE CORN SYRUP MODERN SCIENTIFIC FINDINGS AND HEALTH IMPLICATIONS HELD AT THE ASN SCIENTIFIC SESSIONS AND ANNUAL MEETING AT EXPERIMENTAL BIOLOGY,1,0.003
SYMPOSIUM ON HAEMOSTASIS VASCULAR BIOLOGY AND INFECTIOUS AGENTS,1,0.003
SYMPOSIUM ON HEALTH LAW AND HUMAN RIGHTS,1,0.003
SYMPOSIUM ON IMPENDING EPIDEMIC OF OBESITY METABOLIC SYNDROME AND DIABETES MELLITUS,1,0.003
SYMPOSIUM ON INTEGRATIVE APPROACHES TO THE STUDY OF HUMAN ADAPTATION AND POPULATION HEALTH,1,0.003
SYMPOSIUM ON MECHANISMS OF HYPERTENSION AT THE IX EUROPEAN CONGRESS OF CLINICAL CHEMISTRY,1,0.003
SYMPOSIUM ON NEW LIPID EMULSIONS IN PARENTERAL NUTRITION,1,0.003
SYMPOSIUM ON NUTRITION AND POVERTY IN INDUSTRIALIZED COUNTRIES AT THE SUMMER MEETING OF THE NUTRITION SOCIETY,1,0.003
SYMPOSIUM ON NUTRITION AND WOMENS HEALTH,1,0.003
SYMPOSIUM ON NUTRITIONAL ISSUES FOR WOMEN AT THE SUMMER MEETING OF THE NUTRITION SOCIETY,1,0.003
SYMPOSIUM ON PHYSICAL ACTIVITY AND CARDIOVASCULAR PROTECTION AT THE 5TH EUROPEAN MEETING OF THE FRENCH SOCIETY OF CARDIOLOGY,1,0.003
SYMPOSIUM ON PHYSICAL ACTIVITY ENERGY EXPENDITURE AND OBESITY,1,0.003
SYMPOSIUM ON RETHINKING SOCIAL MOBILITY,1,0.003
SYMPOSIUM ON ROLE OF FATTY LIVER DIETARY FATTY ACID SUPPLEMENTS AND OBESITY IN THE PROGRESSION OF ALCOHOLIC LIVER DISEASE,1,0.003
SYMPOSIUM ON SCIENCE BASED SOLUTIONS TO OBESITY,1,0.003
SYMPOSIUM ON SUMMIT ON CHOLESTEROL AND CORONARY DISEASE AT THE 2ND NATIONAL CONFERENCE ON LIPIDS IN THE ELIMINATION AND PREVENTION OF CORONARY DISEASE,1,0.003
SYMPOSIUM ON THE ATHLETES HEART,1,0.003
SYMPOSIUM ON THE GLYCEMIC INDEX IMPORTANCE IN HUMAN NUTRITION HELD AT EXPERIMENTAL BIOLOGY 2001 MEETING,1,0.003
SYMPOSIUM ON THE ORIGINS AND CONSEQUENCES OF OBESITY,1,0.003
SYMPOSIUM ON TYPE 2 DIABETES MELLITUS IN MINORITY CHILDREN AN EPIDEMIC OUT OF CONTROL,1,0.003
SYMPOSIUM ON WHERE NEXT FOR HEALTH INEQUALITIES,1,0.003
SYMPOSIUM OON FORGING EFFECTIVE STRATEGIES FOR PREVENTION AND MANAGEMENT OF OVERWEIGHT AND OBESITY IN ASIA,1,0.003
VA HEALTH SERVICES RESARCH AND DEVELOPMENT ANNUAL MEETING,1,0.003
VITH WORLD CONFERENCE ON CLINICAL PHARMACOLOGY AND THERAPEUTICS,1,0.003
WOMENS ISSUES SYMPOSIUM AT THE 5TH BIENNIAL CONGRESS OF THE INTERNATIONAL SOCIETY FOR THE STUDY OF INDIVIDUAL DIFFERENCES,1,0.003
WORKSHOP ON BIOBEHAVIORAL MECHANISMS IN LIPID METABOLISM AND ATHEROSCLEROSIS,1,0.003
WORKSHOP ON BRIDGING THE GAP BETWEEN RESEARCH AND PRACTICE COMMUNITY BASED PREVENTION,1,0.003
WORKSHOP ON BUILDING TRUST AND VALUE IN HEALTH SYSTEMS IN LOW AND MIDDLE INCOME COUNTRIES,1,0.003
WORKSHOP ON COLLECTING BIOLOGICAL INDICATORS AND GENETIC INFORMATION IN HOUSEHOLD SURVEYS,1,0.003
WORKSHOP ON CROSS CULTRUAL COMPARISONS MIDLIFE AND AGING,1,0.003
WORKSHOP ON DIFFERENTIAL DRUG USE HIV AIDS AND RELATED HEALTH OUTCOMES AMONG RACIAL AND ETHNIC POPULATIONS,1,0.003
WORKSHOP ON ENVIRONMENTAL TOBACCO SMOKE RISL ASSESSMENT,1,0.003
WORKSHOP ON INTERVENTION TRIALS IN HYPERTENSION PRESENT AND FUTURE,1,0.003
WORKSHOP ON NEW APPROACHES TO RESEARCHING ENVIRONMENTAL JUSTICE,1,0.003
WORKSHOP ON PREVENTION OF OBESITY POPULATIONS AT RISK ETIOLOGIC FACTORS AND INTERVENTION STRATEGIES,1,0.003
WORKSHOP ON ROLE OF DIETARY SUPPLEMENTS FOR PHYSICALLY ACTIVE PEOPLE,1,0.003
WORKSHOP ON SIMPLE CARBOHYDRATES AND OBESITY FACT FICTION AND FUTURE,1,0.003
WORLD CONGRESS OF NEPHROLOGY,1,0.003
WORLD DAIRY CONGRESS OF THE INTERNATIONAL DAIRY FEDERATION,1,0.003
XII PAAVO NURMI SYMPOSIUM,1,0.003
XVITH SYMPOSIUM OF TH E SIGNE AND ANE GYLLENBERG FOUNDATION ON PSYCHOSOMATIC CARDIOLOGY,1,0.003
XVTH CONGRESS OF THE INTERNATIONAL SOCIETY ON THROMBOSIS AND HAEMOSTASIS,1,0.003
